Name,Role,Company,How She Knows Them,Last touch,Last Contact Channel,Last Contact Summary,Relationship Strength (1-5),Tags,Notes
Avery Stone,Partner,Birchwood Ventures,investor,12,email,Asked for the latest metrics deck after a warm call.,4,"investor, warm",Intro from Jordan at Kestrel Capital. Wants metrics before a partner meeting.
Jordan Blake,COO,Ferris Group,peer,30,call,Compared notes on hiring a sales leader.,3,peer,Friendly and helpful with hiring advice from his own search last year.
Morgan Lee,VP Sales,Tidewell,ex-colleague,20,meeting,Coffee chat. She said 'let's revisit in a month' about the VP Sales role.,4,sales-candidate,Scaled a sales team from 10 to 60. Strong candidate for the role.
Morgan Lee,Founder,Quillstone,event,90,event,Met at a panel on grid data.,2,climate,Runs a climate data startup. The follow-up she promised never happened.
Riley Chen,Researcher,Climate Lab,intro,45,email,Shared a paper on grid forecasting after an intro.,2,"climate, academic",Interested in advising. Asked for a product demo when it is ready.
Sam Ortiz,Teacher,Lincoln High,personal,2,call,Weekend catch-up about family news.,5,"personal, friend",Old friend from school. No overlap with the company goals.
Casey Park,Partner,Granite Fund,investor,75,meeting,Coffee around the seed round. Nothing since.,3,"investor, dormant",Good fit for the Series B round but went quiet after the seed.
Taylor Brooks,CEO,Megacorp,event,200,event,Shook hands at a conference.,1,aspirational,No real relationship.
Drew Patel,Head of Talent,Kestrel Capital,intro,15,email,Offered to share three sales leader profiles.,3,"investor, talent",Has offered candidate profiles twice and is still waiting for a reply.
Quinn Rivera,Partner,Lumen Partners,investor,57,email,Quarterly check-in note about the market.,2,investor,Lukewarm but open to a Series B conversation later this year.
Jamie Fox,Advisor,Independent,advisor,64,call,Monthly advisor call lapsed over the summer.,4,"advisor, climate",Knows several climate scientists and offered intros last spring.
